"SR","Winter",2023,47462.025
"SR","Winter",2024,49987.575
"SR","Winter",2025,50703.8840798424
"SR","Winter",2026,54937.8837069218
"SR","Winter",2027,59489.733510519
"SR","Winter",2028,64406.2071526428
"SR","Winter",2029,69736.0952976409
"SR","Winter",2030,75529.641599329
"SR","Winter",2031,82826.8444449867
"SR","Winter",2032,87742.8428774349
"SR","Winter",2033,92897.9617856017
"SR","Winter",2034,98257.8928129985
"SR","Winter",2035,103905.638087214
"SR","Winter",2036,110759.072133709
"SR","Winter",2037,117833.12023691
"SR","Winter",2038,125145.525933882
"SR","Winter",2039,132692.27162161
"SR","Winter",2040,140557.114237726
"SR","Winter",2041,149842.308093756
"SR","Winter",2042,159753.901876805
"SR","Winter",2043,170343.123094956
"SR","Winter",2044,181648.468946534
"SR","Winter",2045,193719.575683006
"SR","Winter",2046,206609.663484808
"SR","Winter",2047,220375.803404809
"SR","Winter",2048,235079.156275502
"SR","Winter",2049,250785.349730568
"SR","Winter",2050,267564.614466458
"SR","Winter",2051,276532.270645299
"SR","Winter",2052,285807.215842328
"SR","Winter",2053,295400.363638598
"SR","Winter",2054,305322.959112927
"SR","Winter",2055,315586.613221939
"SR","Winter",2056,326203.440999332
"SR","Winter",2057,337185.968114884
"SR","Winter",2058,348547.105818586
"SR","Winter",2059,360300.433006076
"SR","Winter",2060,372459.814465243
"SR","Winter",2061,378753.525221596
"SR","Winter",2062,385156.150198142
"SR","Winter",2063,391669.624556384
"SR","Winter",2064,398295.864626854
"SR","Winter",2065,405036.981505775
"SR","Winter",2066,411894.978536621
"SR","Winter",2067,418871.929450999
"SR","Winter",2068,425970.021040171
"SR","Winter",2069,433191.337776827
"SR","Winter",2070,440538.191613259
"NER","Winter",2023,3578.075
"NER","Winter",2024,3810.375
"NER","Winter",2025,2733.5216496166
"NER","Winter",2026,2858.51379679744
"NER","Winter",2027,2986.18732246508
"NER","Winter",2028,3120.32991708155
"NER","Winter",2029,3257.82628470863
"NER","Winter",2030,3402.15014072688
"NER","Winter",2031,3586.52654900857
"NER","Winter",2032,3783.56567302489
"NER","Winter",2033,4012.15047171136
"NER","Winter",2034,4253.23790190594
"NER","Winter",2035,4514.11251116594
"NER","Winter",2036,4827.74477668584
"NER","Winter",2037,5166.95357718578
"NER","Winter",2038,5521.02222485602
"NER","Winter",2039,5909.05771275125
"NER","Winter",2040,6330.27522290403
"NER","Winter",2041,6723.48401362747
"NER","Winter",2042,7143.11402550924
"NER","Winter",2043,7602.09917283633
"NER","Winter",2044,8091.44742110517
"NER","Winter",2045,8613.17435370675
"NER","Winter",2046,9169.512334244
"NER","Winter",2047,9762.64530617605
"NER","Winter",2048,10395.4192744226
"NER","Winter",2049,11070.2535167087
"NER","Winter",2050,11790.1525758009
"NER","Winter",2051,12179.4983315985
"NER","Winter",2052,12581.7208132205
"NER","Winter",2053,12997.1595138061
"NER","Winter",2054,13426.319063856
"NER","Winter",2055,13869.819756223
"NER","Winter",2056,14327.998089434
"NER","Winter",2057,14801.3073299892
"NER","Winter",2058,15290.4680943054
"NER","Winter",2059,15795.7689509936
"NER","Winter",2060,16317.9670441882
"NER","Winter",2061,16593.0903914274
"NER","Winter",2062,16872.7874522624
"NER","Winter",2063,17156.9353307494
"NER","Winter",2064,17445.8624618549
"NER","Winter",2065,17739.3236345875
"NER","Winter",2066,18037.7750155348
"NER","Winter",2067,18341.074172813
"NER","Winter",2068,18649.4301004349
"NER","Winter",2069,18962.7782431042
"NER","Winter",2070,19281.2555214457
"ER","Winter",2023,26883.725
"ER","Winter",2024,28246.825
"ER","Winter",2025,18852.9601093579
"ER","Winter",2026,19622.3555613506
"ER","Winter",2027,20399.6413221518
"ER","Winter",2028,21191.9611380676
"ER","Winter",2029,21998.7746774753
"ER","Winter",2030,22861.0835533375
"ER","Winter",2031,23980.2422178055
"ER","Winter",2032,25172.2780774012
"ER","Winter",2033,26568.8826923275
"ER","Winter",2034,28083.5230563938
"ER","Winter",2035,29694.4062241583
"ER","Winter",2036,31655.0633260699
"ER","Winter",2037,33717.2353003453
"ER","Winter",2038,35710.8539807365
"ER","Winter",2039,37835.3823845604
"ER","Winter",2040,40107.5853597495
"ER","Winter",2041,42204.5878067704
"ER","Winter",2042,44427.7525779713
"ER","Winter",2043,46976.2027799129
"ER","Winter",2044,49666.4934621368
"ER","Winter",2045,52507.0643338791
"ER","Winter",2046,55507.1941699552
"ER","Winter",2047,58676.207009196
"ER","Winter",2048,62024.3302551719
"ER","Winter",2049,65562.4547956829
"ER","Winter",2050,69301.8222646511
"ER","Winter",2051,71362.4809211523
"ER","Winter",2052,73479.6555750901
"ER","Winter",2053,75655.0982121087
"ER","Winter",2054,77890.5123157608
"ER","Winter",2055,80187.8794334924
"ER","Winter",2056,82548.7857904606
"ER","Winter",2057,84975.4739526517
"ER","Winter",2058,87469.5445408098
"ER","Winter",2059,90033.3579967373
"ER","Winter",2060,92668.961403572
"ER","Winter",2061,94107.8008826346
"ER","Winter",2062,95565.6907622394
"ER","Winter",2063,97043.0177291026
"ER","Winter",2064,98539.7978134467
"ER","Winter",2065,100056.351455128
"ER","Winter",2066,101593.403570773
"ER","Winter",2067,103150.858621945
"ER","Winter",2068,104729.025684347
"ER","Winter",2069,106328.518518092
"ER","Winter",2070,107949.230639036
"NR","Winter",2023,66925.325
"NR","Winter",2024,71169.55
"NR","Winter",2025,53676.3497761778
"NR","Winter",2026,58077.0211780563
"NR","Winter",2027,62842.1566726563
"NR","Winter",2028,68010.557939015
"NR","Winter",2029,73508.844887649
"NR","Winter",2030,79521.3205544358
"NR","Winter",2031,86821.2890690725
"NR","Winter",2032,91440.4349151187
"NR","Winter",2033,96314.4019679591
"NR","Winter",2034,101250.156306572
"NR","Winter",2035,106278.594756509
"NR","Winter",2036,112248.259216675
"NR","Winter",2037,118316.028844543
"NR","Winter",2038,124362.294008303
"NR","Winter",2039,130542.014287224
"NR","Winter",2040,136790.574458822
"NR","Winter",2041,144379.657122243
"NR","Winter",2042,152403.748446667
"NR","Winter",2043,161009.866961939
"NR","Winter",2044,170102.930039321
"NR","Winter",2045,179710.827698713
"NR","Winter",2046,189863.200286251
"NR","Winter",2047,200591.603108532
"NR","Winter",2048,211929.262632185
"NR","Winter",2049,223911.252531644
"NR","Winter",2050,236574.804983924
"NR","Winter",2051,243325.711387404
"NR","Winter",2052,250267.087204826
"NR","Winter",2053,257404.731251798
"NR","Winter",2054,264744.156075533
"NR","Winter",2055,272291.065741134
"NR","Winter",2056,280051.742356878
"NR","Winter",2057,288032.244568318
"NR","Winter",2058,296239.020175895
"NR","Winter",2059,304678.712450223
"NR","Winter",2060,313357.670902131
"NR","Winter",2061,317878.84075007
"NR","Winter",2062,322463.171579201
"NR","Winter",2063,327112.021191305
"NR","Winter",2064,331826.072548325
"NR","Winter",2065,336606.500633808
"NR","Winter",2066,341453.832865598
"NR","Winter",2067,346369.18047915
"NR","Winter",2068,351353.846257899
"NR","Winter",2069,356408.201083796
"NR","Winter",2070,361534.248662939
"WR","Winter",2023,62675.575
"WR","Winter",2024,65751.725
"WR","Winter",2025,60910.8086209581
"WR","Winter",2026,66047.4514604373
"WR","Winter",2027,71649.2326409055
"WR","Winter",2028,77742.910770525
"WR","Winter",2029,84290.1381450205
"WR","Winter",2030,91529.5262507342
"WR","Winter",2031,100683.359276167
"WR","Winter",2032,106394.614938745
"WR","Winter",2033,112368.491950636
"WR","Winter",2034,118401.297616362
"WR","Winter",2035,124601.113237511
"WR","Winter",2036,132267.19746358
"WR","Winter",2037,140128.330637382
"WR","Winter",2038,148144.046578876
"WR","Winter",2039,156381.363209526
"WR","Winter",2040,164695.822769851
"WR","Winter",2041,174585.093642294
"WR","Winter",2042,185078.936366971
"WR","Winter",2043,196297.851880942
"WR","Winter",2044,208197.694691728
"WR","Winter",2045,220820.068146339
"WR","Winter",2046,234209.399359931
"WR","Winter",2047,248412.516924247
"WR","Winter",2048,263479.470678678
"WR","Winter",2049,279463.207055934
"WR","Winter",2050,296419.84903612
"WR","Winter",2051,305444.011990348
"WR","Winter",2052,314742.121517761
"WR","Winter",2053,324322.605678164
"WR","Winter",2054,334194.306366415
"WR","Winter",2055,344365.909897221
"WR","Winter",2056,354846.810096101
"WR","Winter",2057,365646.397452627
"WR","Winter",2058,376774.535634238
"WR","Winter",2059,388241.199562332
"WR","Winter",2060,400056.965381713
"WR","Winter",2061,406174.089502067
"WR","Winter",2062,412383.886160272
"WR","Winter",2063,418687.908177389
"WR","Winter",2064,425087.385161989
"WR","Winter",2065,431583.904494782
"WR","Winter",2066,438178.982641082
"WR","Winter",2067,444874.065500889
"WR","Winter",2068,451670.75779665
"WR","Winter",2069,458570.533111703
"WR","Winter",2070,465575.011676254
"SR","Spring",2023,51430.575
"SR","Spring",2024,54240.775
"SR","Spring",2025,53006.8424827007
"SR","Spring",2026,57241.2221812045
"SR","Spring",2027,61760.0993409609
"SR","Spring",2028,66616.4010183897
"SR","Spring",2029,71853.3605544353
"SR","Spring",2030,77512.5755236365
"SR","Spring",2031,84636.28501459
"SR","Spring",2032,89694.4514953252
"SR","Spring",2033,94997.3457638636
"SR","Spring",2034,100510.380235702
"SR","Spring",2035,106317.426782034
"SR","Spring",2036,113349.868113027
"SR","Spring",2037,120609.262071844
"SR","Spring",2038,128113.481788735
"SR","Spring",2039,135859.119909694
"SR","Spring",2040,143930.913039052
"SR","Spring",2041,153486.500562997
"SR","Spring",2042,163691.038614732
"SR","Spring",2043,174598.015303713
"SR","Spring",2044,186247.704394596
"SR","Spring",2045,198692.086947037
"SR","Spring",2046,211986.890188344
"SR","Spring",2047,226191.902521527
"SR","Spring",2048,241371.297469702
"SR","Spring",2049,257593.810972261
"SR","Spring",2050,274933.308402576
"SR","Spring",2051,284205.088203867
"SR","Spring",2052,293797.161780894
"SR","Spring",2053,303721.024067467
"SR","Spring",2054,313988.417864751
"SR","Spring",2055,324611.664791227
"SR","Spring",2056,335603.491962201
"SR","Spring",2057,346977.115081494
"SR","Spring",2058,358746.230432371
"SR","Spring",2059,370925.053501891
"SR","Spring",2060,383528.200990497
"SR","Spring",2061,390053.547958857
"SR","Spring",2062,396692.771581487
"SR","Spring",2063,403447.953725024
"SR","Spring",2064,410321.142638754
"SR","Spring",2065,417314.511082657
"SR","Spring",2066,424430.242339544
"SR","Spring",2067,431670.468701757
"SR","Spring",2068,439037.587022939
"SR","Spring",2069,446533.751335213
"SR","Spring",2070,454161.421220607
"NER","Spring",2023,3606.325
"NER","Spring",2024,3845.25
"NER","Spring",2025,3093.14765959638
"NER","Spring",2026,3260.79368625341
"NER","Spring",2027,3427.71268767568
"NER","Spring",2028,3603.17877380358
"NER","Spring",2029,3782.43315248321
"NER","Spring",2030,3970.49336621944
"NER","Spring",2031,4204.45384500165
"NER","Spring",2032,4453.01689232704
"NER","Spring",2033,4733.91423123009
"NER","Spring",2034,5028.67536430825
"NER","Spring",2035,5344.53727251091
"NER","Spring",2036,5719.92269065258
"NER","Spring",2037,6122.0052230765
"NER","Spring",2038,6534.98756778257
"NER","Spring",2039,6982.71327075427
"NER","Spring",2040,7463.05672517482
"NER","Spring",2041,7936.30081512737
"NER","Spring",2042,8441.59596189363
"NER","Spring",2043,8991.12560770421
"NER","Spring",2044,9577.1978313633
"NER","Spring",2045,10202.3056624067
"NER","Spring",2046,10869.2881102462
"NER","Spring",2047,11580.7669581491
"NER","Spring",2048,12339.6593753967
"NER","Spring",2049,13149.6164047083
"NER","Spring",2050,14013.8623860242
"NER","Spring",2051,14479.8988840272
"NER","Spring",2052,14961.565456371
"NER","Spring",2053,15458.9922463697
"NER","Spring",2054,15973.177630741
"NER","Spring",2055,16504.5138503307
"NER","Spring",2056,17053.4626627805
"NER","Spring",2057,17620.8310179078
"NER","Spring",2058,18207.1217565922
"NER","Spring",2059,18813.2343339905
"NER","Spring",2060,19439.4155679339
"NER","Spring",2061,19767.8504906614
"NER","Spring",2062,20101.8622896515
"NER","Spring",2063,20441.2439225875
"NER","Spring",2064,20786.38994879
"NER","Spring",2065,21137.1215569716
"NER","Spring",2066,21493.586593476
"NER","Spring",2067,21856.13459101
"NER","Spring",2068,22224.6917978754
"NER","Spring",2069,22599.2862077109
"NER","Spring",2070,22979.9975897528
"ER","Spring",2023,28429.9
"ER","Spring",2024,29887.925
"ER","Spring",2025,22854.9320529354
"ER","Spring",2026,23944.0978099578
"ER","Spring",2027,25018.6187628333
"ER","Spring",2028,26112.6248526986
"ER","Spring",2029,27226.2471390767
"ER","Spring",2030,28401.1688875757
"ER","Spring",2031,29796.7055201846
"ER","Spring",2032,31393.6698594057
"ER","Spring",2033,33234.1043222094
"ER","Spring",2034,35147.7798101653
"ER","Spring",2035,37153.7959560104
"ER","Spring",2036,39576.5207677591
"ER","Spring",2037,42106.4581792035
"ER","Spring",2038,44577.2759623569
"ER","Spring",2039,47183.0612699083
"ER","Spring",2040,49940.9543833913
"ER","Spring",2041,52618.0688050184
"ER","Spring",2042,55455.9413046046
"ER","Spring",2043,58652.0543316328
"ER","Spring",2044,62028.4690488035
"ER","Spring",2045,65595.9603831906
"ER","Spring",2046,69365.9542108339
"ER","Spring",2047,73350.6668052059
"ER","Spring",2048,77562.9216879877
"ER","Spring",2049,82016.3440290953
"ER","Spring",2050,86725.4327519129
"ER","Spring",2051,89298.3466305955
"ER","Spring",2052,91943.0576190989
"ER","Spring",2053,94661.7978939284
"ER","Spring",2054,97456.7897999431
"ER","Spring",2055,100330.147829337
"ER","Spring",2056,103284.380660999
"ER","Spring",2057,106321.843262097
"ER","Spring",2058,109445.2640538
"ER","Spring",2059,112656.972143094
"ER","Spring",2060,115959.674622725
"ER","Spring",2061,117740.766782042
"ER","Spring",2062,119546.028212885
"ER","Spring",2063,121375.697110584
"ER","Spring",2064,123230.342164816
"ER","Spring",2065,125110.287643138
"ER","Spring",2066,127015.788475805
"ER","Spring",2067,128947.230341876
"ER","Spring",2068,130905.204756638
"ER","Spring",2069,132889.98416037
"ER","Spring",2070,134901.822008455
"NR","Spring",2023,71031.125
"NR","Spring",2024,75513.425
"NR","Spring",2025,58837.8281463673
"NR","Spring",2026,61669.4739446984
"NR","Spring",2027,64589.2094224079
"NR","Spring",2028,67615.1898394822
"NR","Spring",2029,71430.408120686
"NR","Spring",2030,77177.5099432196
"NR","Spring",2031,84217.589705461
"NR","Spring",2032,88630.213714903
"NR","Spring",2033,93326.6498794524
"NR","Spring",2034,98132.8844906085
"NR","Spring",2035,103089.522001324
"NR","Spring",2036,108995.552174806
"NR","Spring",2037,115064.330279486
"NR","Spring",2038,121201.250148386
"NR","Spring",2039,127543.447917773
"NR","Spring",2040,134031.103927268
"NR","Spring",2041,141513.80114841
"NR","Spring",2042,149426.495319008
"NR","Spring",2043,157896.18258614
"NR","Spring",2044,166847.16984916
"NR","Spring",2045,176307.145755329
"NR","Spring",2046,186305.48285393
"NR","Spring",2047,196873.410543219
"NR","Spring",2048,208043.780428916
"NR","Spring",2049,219851.565403236
"NR","Spring",2050,232333.574756307
"NR","Spring",2051,238980.301532112
"NR","Spring",2052,245815.709427942
"NR","Spring",2053,252845.16582085
"NR","Spring",2054,260074.36099029
"NR","Spring",2055,267509.076700683
"NR","Spring",2056,275155.263117236
"NR","Spring",2057,283019.063403276
"NR","Spring",2058,291106.645019646
"NR","Spring",2059,299424.732812403
"NR","Spring",2060,307979.834057143
"NR","Spring",2061,312428.396400154
"NR","Spring",2062,316939.847481071
"NR","Spring",2063,321514.847940001
"NR","Spring",2064,326154.471673403
"NR","Spring",2065,330859.674880601
"NR","Spring",2066,335631.214293472
"NR","Spring",2067,340470.257212299
"NR","Spring",2068,345377.712856061
"NR","Spring",2069,350354.59978125
"NR","Spring",2070,355401.869041438
"WR","Spring",2023,67102.6
"WR","Spring",2024,70419.25
"WR","Spring",2025,63886.7157030247
"WR","Spring",2026,68927.661129348
"WR","Spring",2027,74394.00307709
"WR","Spring",2028,80309.4169791335
"WR","Spring",2029,86620.846698014
"WR","Spring",2030,93559.8763989861
"WR","Spring",2031,102383.097383984
"WR","Spring",2032,108212.769538224
"WR","Spring",2033,114314.276987493
"WR","Spring",2034,120475.335740655
"WR","Spring",2035,126810.249096176
"WR","Spring",2036,134673.051647592
"WR","Spring",2037,142738.937868841
"WR","Spring",2038,150972.245274154
"WR","Spring",2039,159439.975988903
"WR","Spring",2040,167989.28650914
"WR","Spring",2041,178108.415209334
"WR","Spring",2042,188847.779970258
"WR","Spring",2043,200327.800935166
"WR","Spring",2044,212506.555205602
"WR","Spring",2045,225426.807076599
"WR","Spring",2046,239134.224310802
"WR","Spring",2047,253677.05314159
"WR","Spring",2048,269106.708336607
"WR","Spring",2049,285477.724854123
"WR","Spring",2050,302847.835696694
"WR","Spring",2051,312092.306185334
"WR","Spring",2052,321618.162624625
"WR","Spring",2053,331434.212592046
"WR","Spring",2054,341549.229205491
"WR","Spring",2055,351972.464313495
"WR","Spring",2056,362713.519319385
"WR","Spring",2057,373782.012991554
"WR","Spring",2058,385188.111841926
"WR","Spring",2059,396942.123081084
"WR","Spring",2060,409054.855076868
"WR","Spring",2061,415325.147742166
"WR","Spring",2062,421690.604106616
"WR","Spring",2063,428152.923628332
"WR","Spring",2064,434713.441534792
"WR","Spring",2065,441373.657042696
"WR","Spring",2066,448135.174698029
"WR","Spring",2067,454999.540803629
"WR","Spring",2068,461968.325754021
"WR","Spring",2069,469043.130966125
"WR","Spring",2070,476225.635160029
"SR","Summer",2023,52582.375
"SR","Summer",2024,55362.675
"SR","Summer",2025,58183.7902188277
"SR","Summer",2026,62841.6732978315
"SR","Summer",2027,67793.4431899621
"SR","Summer",2028,73097.2573281407
"SR","Summer",2029,78810.8544566224
"SR","Summer",2030,84961.8732320883
"SR","Summer",2031,92702.1670191818
"SR","Summer",2032,98270.912236456
"SR","Summer",2033,104098.012634928
"SR","Summer",2034,110145.00636085
"SR","Summer",2035,116502.775505439
"SR","Summer",2036,124209.225929588
"SR","Summer",2037,132156.964300224
"SR","Summer",2038,140370.859597912
"SR","Summer",2039,148847.889740108
"SR","Summer",2040,157684.523074596
"SR","Summer",2041,168136.533230828
"SR","Summer",2042,179296.713317177
"SR","Summer",2043,191222.875654196
"SR","Summer",2044,203959.265557085
"SR","Summer",2045,217562.39437287
"SR","Summer",2046,232092.858920334
"SR","Summer",2047,247615.699814645
"SR","Summer",2048,264200.630956309
"SR","Summer",2049,281922.325719767
"SR","Summer",2050,300861.033108843
"SR","Summer",2051,310985.992898774
"SR","Summer",2052,321459.782815221
"SR","Summer",2053,332294.80880882
"SR","Summer",2054,343503.958177463
"SR","Summer",2055,355100.532262199
"SR","Summer",2056,367098.292832068
"SR","Summer",2057,379511.641960646
"SR","Summer",2058,392355.424124812
"SR","Summer",2059,405644.988975098
"SR","Summer",2060,419396.311420354
"SR","Summer",2061,426515.197867689
"SR","Summer",2062,433757.986156444
"SR","Summer",2063,441126.876243668
"SR","Summer",2064,448624.14921683
"SR","Summer",2065,456252.117253891
"SR","Summer",2066,464013.110322842
"SR","Summer",2067,471909.58154198
"SR","Summer",2068,479943.921596744
"SR","Summer",2069,488118.688428154
"SR","Summer",2070,496436.305865535
"NER","Summer",2023,3306.7
"NER","Summer",2024,3524.35
"NER","Summer",2025,2827.34974498743
"NER","Summer",2026,2987.00856221195
"NER","Summer",2027,3144.9254465191
"NER","Summer",2028,3310.86082417777
"NER","Summer",2029,3480.67377794306
"NER","Summer",2030,3658.9910757315
"NER","Summer",2031,3878.58373735908
"NER","Summer",2032,4110.09496284522
"NER","Summer",2033,4373.09444156293
"NER","Summer",2034,4658.45141386716
"NER","Summer",2035,4965.59152243204
"NER","Summer",2036,5326.3183976579
"NER","Summer",2037,5714.2331371469
"NER","Summer",2038,6107.99641951248
"NER","Summer",2039,6536.37922661771
"NER","Summer",2040,6998.2112955345
"NER","Summer",2041,7438.85563675417
"NER","Summer",2042,7909.32486836864
"NER","Summer",2043,8422.28181758241
"NER","Summer",2044,8969.42916632046
"NER","Summer",2045,9553.04410567799
"NER","Summer",2046,10175.4386606852
"NER","Summer",2047,10839.4457321981
"NER","Summer",2048,11547.9059060145
"NER","Summer",2049,12303.7800828352
"NER","Summer",2050,13110.3129864607
"NER","Summer",2051,13545.8552990548
"NER","Summer",2052,13995.7872217858
"NER","Summer",2053,14460.8540011865
"NER","Summer",2054,14941.267942131
"NER","Summer",2055,15437.6339988322
"NER","Summer",2056,15950.6753864344
"NER","Summer",2057,16480.8342139242
"NER","Summer",2058,17028.6971391035
"NER","Summer",2059,17594.7460464029
"NER","Summer",2060,18179.9337483332
"NER","Summer",2061,18487.3842298694
"NER","Summer",2062,18799.9497446308
"NER","Summer",2063,19117.7171744264
"NER","Summer",2064,19440.7999002718
"NER","Summer",2065,19769.1128284114
"NER","Summer",2066,20102.7974167941
"NER","Summer",2067,20441.9967020109
"NER","Summer",2068,20786.8803267043
"NER","Summer",2069,21137.4445674547
"NER","Summer",2070,21493.8873631555
"ER","Summer",2023,26835.7
"ER","Summer",2024,28136.825
"ER","Summer",2025,21370.8386305556
"ER","Summer",2026,22347.2436271947
"ER","Summer",2027,23310.3882546747
"ER","Summer",2028,24288.9901065473
"ER","Summer",2029,25278.4349671624
"ER","Summer",2030,26324.3950660004
"ER","Summer",2031,27555.0900069542
"ER","Summer",2032,29031.7165167794
"ER","Summer",2033,30760.8136948361
"ER","Summer",2034,32561.7215031585
"ER","Summer",2035,34452.8961308461
"ER","Summer",2036,36736.5294849824
"ER","Summer",2037,39124.2303425235
"ER","Summer",2038,41437.2761903091
"ER","Summer",2039,43880.7883751598
"ER","Summer",2040,46470.1688650739
"ER","Summer",2041,48930.2228765595
"ER","Summer",2042,51537.7698248283
"ER","Summer",2043,54501.3652115791
"ER","Summer",2044,57631.0483252334
"ER","Summer",2045,60936.6745874595
"ER","Summer",2046,64428.7248691868
"ER","Summer",2047,68118.6418965443
"ER","Summer",2048,72018.1688745475
"ER","Summer",2049,76139.8654642049
"ER","Summer",2050,80497.1512570514
"ER","Summer",2051,82888.3640785035
"ER","Summer",2052,85345.6257723507
"ER","Summer",2053,87871.1754078715
"ER","Summer",2054,90466.7871796104
"ER","Summer",2055,93134.8222339757
"ER","Summer",2056,95877.4055515791
"ER","Summer",2057,98696.627887025
"ER","Summer",2058,101594.972767911
"ER","Summer",2059,104574.668554854
"ER","Summer",2060,107638.290564412
"ER","Summer",2061,109300.964410622
"ER","Summer",2062,110985.813642169
"ER","Summer",2063,112693.398206574
"ER","Summer",2064,114423.883121107
"ER","Summer",2065,116177.613549905
"ER","Summer",2066,117954.839882257
"ER","Summer",2067,119756.217812087
"ER","Summer",2068,121581.908418655
"ER","Summer",2069,123432.25324849
"ER","Summer",2070,125307.624398573
"NR","Summer",2023,62258.675
"NR","Summer",2024,66208.925
"NR","Summer",2025,50064.5007806382
"NR","Summer",2026,53623.9800352289
"NR","Summer",2027,58144.1662778727
"NR","Summer",2028,63054.5551004184
"NR","Summer",2029,68287.9272565766
"NR","Summer",2030,74018.949884693
"NR","Summer",2031,80960.144882517
"NR","Summer",2032,85312.8154520936
"NR","Summer",2033,89912.1812409645
"NR","Summer",2034,94609.8225616183
"NR","Summer",2035,99526.206183988
"NR","Summer",2036,105322.274673476
"NR","Summer",2037,111292.761461247
"NR","Summer",2038,117344.086988612
"NR","Summer",2039,123612.171721636
"NR","Summer",2040,130045.747892093
"NR","Summer",2041,137287.638448989
"NR","Summer",2042,144944.955129789
"NR","Summer",2043,153144.177429568
"NR","Summer",2044,161808.110839915
"NR","Summer",2045,170963.688027493
"NR","Summer",2046,180639.235194282
"NR","Summer",2047,190864.740620631
"NR","Summer",2048,201671.992917073
"NR","Summer",2049,213094.566697762
"NR","Summer",2050,225167.997813534
"NR","Summer",2051,231598.170611501
"NR","Summer",2052,238210.373856366
"NR","Summer",2053,245009.921340981
"NR","Summer",2054,252002.310833543
"NR","Summer",2055,259192.937580614
"NR","Summer",2056,266587.632799794
"NR","Summer",2057,274192.250329729
"NR","Summer",2058,282012.962458368
"NR","Summer",2059,290055.894877079
"NR","Summer",2060,298327.541442776
"NR","Summer",2061,302630.247272724
"NR","Summer",2062,306993.542102066
"NR","Summer",2063,311418.17498291
"NR","Summer",2064,315905.116751524
"NR","Summer",2065,320455.331401043
"NR","Summer",2066,325069.606778925
"NR","Summer",2067,329748.930484934
"NR","Summer",2068,334494.244303008
"NR","Summer",2069,339306.498071011
"NR","Summer",2070,344186.697903668
"WR","Summer",2023,58273.4
"WR","Summer",2024,61163
"WR","Summer",2025,61269.649300389
"WR","Summer",2026,66408.954626673
"WR","Summer",2027,71989.6675345764
"WR","Summer",2028,78043.573059425
"WR","Summer",2029,84521.9349704965
"WR","Summer",2030,91657.6214524478
"WR","Summer",2031,100661.113260934
"WR","Summer",2032,106520.654605724
"WR","Summer",2033,112665.491788656
"WR","Summer",2034,118880.496993945
"WR","Summer",2035,125281.40276805
"WR","Summer",2036,133161.311274376
"WR","Summer",2037,141260.134102287
"WR","Summer",2038,149541.843297707
"WR","Summer",2039,158078.49769731
"WR","Summer",2040,166720.271664662
"WR","Summer",2041,176765.985636258
"WR","Summer",2042,187427.64251848
"WR","Summer",2043,198826.972248626
"WR","Summer",2044,210920.244520347
"WR","Summer",2045,223750.116255727
"WR","Summer",2046,237361.778970615
"WR","Summer",2047,251803.364215591
"WR","Summer",2048,267125.777173959
"WR","Summer",2049,283383.233054668
"WR","Summer",2050,300633.335928884
"WR","Summer",2051,309814.827645164
"WR","Summer",2052,319275.999421627
"WR","Summer",2053,329025.3199595
"WR","Summer",2054,339071.684476077
"WR","Summer",2055,349424.357952904
"WR","Summer",2056,360092.62202899
"WR","Summer",2057,371086.204643024
"WR","Summer",2058,382415.187348042
"WR","Summer",2059,394089.791436929
"WR","Summer",2060,406120.71520386
"WR","Summer",2061,412349.635726405
"WR","Summer",2062,418673.15315971
"WR","Summer",2063,425092.775690315
"WR","Summer",2064,431609.997293411
"WR","Summer",2065,438226.329155061
"WR","Summer",2066,444943.249178925
"WR","Summer",2067,451762.357713187
"WR","Summer",2068,458685.222548594
"WR","Summer",2069,465713.356690544
"WR","Summer",2070,472848.489922238
"SR","Rainy",2023,58804.6
"SR","Rainy",2024,62079.725
"SR","Rainy",2025,57483.6136065464
"SR","Rainy",2026,62080.8755332945
"SR","Rainy",2027,66956.5412991756
"SR","Rainy",2028,72190.9793202518
"SR","Rainy",2029,77829.647684954
"SR","Rainy",2030,83916.3219308184
"SR","Rainy",2031,91521.2730641505
"SR","Rainy",2032,97000.8121263962
"SR","Rainy",2033,102746.286027308
"SR","Rainy",2034,108724.071218711
"SR","Rainy",2035,115013.159658189
"SR","Rainy",2036,122589.608717615
"SR","Rainy",2037,130416.437142263
"SR","Rainy",2038,138515.749377397
"SR","Rainy",2039,146891.932329743
"SR","Rainy",2040,155636.782539858
"SR","Rainy",2041,166048.210435371
"SR","Rainy",2042,177173.748244649
"SR","Rainy",2043,189073.640432548
"SR","Rainy",2044,201792.138852231
"SR","Rainy",2045,215387.220905954
"SR","Rainy",2046,229921.212464969
"SR","Rainy",2047,245460.90526262
"SR","Rainy",2048,262078.097455529
"SR","Rainy",2049,279849.858009093
"SR","Rainy",2050,298859.01904119
"SR","Rainy",2051,309031.383740722
"SR","Rainy",2052,319559.250861057
"SR","Rainy",2053,330455.396073295
"SR","Rainy",2054,341733.235813344
"SR","Rainy",2055,353406.523717048
"SR","Rainy",2056,365489.615582886
"SR","Rainy",2057,377997.392637925
"SR","Rainy",2058,390945.319330932
"SR","Rainy",2059,404349.419570361
"SR","Rainy",2060,418226.301480264
"SR","Rainy",2061,425414.397964332
"SR","Rainy",2062,432729.502440605
"SR","Rainy",2063,440173.948999268
"SR","Rainy",2064,447750.077498067
"SR","Rainy",2065,455460.278394086
"SR","Rainy",2066,463307.070560574
"SR","Rainy",2067,471292.902565392
"SR","Rainy",2068,479420.37155069
"SR","Rainy",2069,487692.112461447
"SR","Rainy",2070,496110.709271633
"NER","Rainy",2023,3379.925
"NER","Rainy",2024,3607.575
"NER","Rainy",2025,3371.07393265601
"NER","Rainy",2026,3585.98296693519
"NER","Rainy",2027,3795.29616895642
"NER","Rainy",2028,4015.45495626183
"NER","Rainy",2029,4240.32942488942
"NER","Rainy",2030,4476.41331006234
"NER","Rainy",2031,4762.16279448949
"NER","Rainy",2032,5064.95073216491
"NER","Rainy",2033,5401.37157477162
"NER","Rainy",2034,5753.77684359133
"NER","Rainy",2035,6129.65532723994
"NER","Rainy",2036,6569.115582502
"NER","Rainy",2037,7037.002604174
"NER","Rainy",2038,7505.348380156
"NER","Rainy",2039,8009.59121217543
"NER","Rainy",2040,8546.7235237812
"NER","Rainy",2041,9095.08680010368
"NER","Rainy",2042,9681.18502306051
"NER","Rainy",2043,10319.2157451996
"NER","Rainy",2044,11000.0155148721
"NER","Rainy",2045,11726.5677212884
"NER","Rainy",2046,12501.7786969606
"NER","Rainy",2047,13329.2686157327
"NER","Rainy",2048,14212.3862377325
"NER","Rainy",2049,15154.9355195824
"NER","Rainy",2050,16161.132233344
"NER","Rainy",2051,16701.9644639055
"NER","Rainy",2052,17260.9749671986
"NER","Rainy",2053,17838.6996651116
"NER","Rainy",2054,18435.7982134946
"NER","Rainy",2055,19053.0487149509
"NER","Rainy",2056,19690.9689632464
"NER","Rainy",2057,20350.3714491492
"NER","Rainy",2058,21031.9063454893
"NER","Rainy",2059,21736.4900627589
"NER","Rainy",2060,22464.7639545572
"NER","Rainy",2061,22844.9958533883
"NER","Rainy",2062,23231.5577610269
"NER","Rainy",2063,23624.6307078356
"NER","Rainy",2064,24024.1927773428
"NER","Rainy",2065,24430.4588976885
"NER","Rainy",2066,24843.5194288125
"NER","Rainy",2067,25263.5450152777
"NER","Rainy",2068,25690.5396324474
"NER","Rainy",2069,26124.7261633778
"NER","Rainy",2070,26566.1367955915
"ER","Rainy",2023,28472.85
"ER","Rainy",2024,29884.775
"ER","Rainy",2025,26463.8222114984
"ER","Rainy",2026,27914.0026047458
"ER","Rainy",2027,29316.7513822621
"ER","Rainy",2028,30741.6740654226
"ER","Rainy",2029,32179.3941838007
"ER","Rainy",2030,33680.5009886266
"ER","Rainy",2031,35446.654696889
"ER","Rainy",2032,37484.2758688209
"ER","Rainy",2033,39768.5986395272
"ER","Rainy",2034,42132.9203446546
"ER","Rainy",2035,44593.1137774374
"ER","Rainy",2036,47531.5252232692
"ER","Rainy",2037,50575.1914899562
"ER","Rainy",2038,53555.3886580992
"ER","Rainy",2039,56661.7254009986
"ER","Rainy",2040,59906.9702481712
"ER","Rainy",2041,63182.0440931583
"ER","Rainy",2042,66653.6746054384
"ER","Rainy",2043,70521.1317208558
"ER","Rainy",2044,74609.5104767475
"ER","Rainy",2045,78932.0787033696
"ER","Rainy",2046,83502.8323310595
"ER","Rainy",2047,88336.8858046638
"ER","Rainy",2048,93449.8468458922
"ER","Rainy",2049,98858.5670508912
"ER","Rainy",2050,104580.914479991
"ER","Rainy",2051,107690.909164764
"ER","Rainy",2052,110888.93320268
"ER","Rainy",2053,114177.759846336
"ER","Rainy",2054,117560.155865912
"ER","Rainy",2055,121038.85294503
"ER","Rainy",2056,124616.792443572
"ER","Rainy",2057,128296.985144692
"ER","Rainy",2058,132082.464249248
"ER","Rainy",2059,135976.449632543
"ER","Rainy",2060,139982.207837947
"ER","Rainy",2061,142125.137637634
"ER","Rainy",2062,144297.739329567
"ER","Rainy",2063,146500.429335125
"ER","Rainy",2064,148733.630866994
"ER","Rainy",2065,150997.979001708
"ER","Rainy",2066,153293.681033271
"ER","Rainy",2067,155621.435834615
"ER","Rainy",2068,157981.527133727
"ER","Rainy",2069,160374.643499519
"ER","Rainy",2070,162801.176590249
"NR","Rainy",2023,68057
"NR","Rainy",2024,72218.825
"NR","Rainy",2025,68292.3461751239
"NR","Rainy",2026,71839.7285756916
"NR","Rainy",2027,75414.3413088221
"NR","Rainy",2028,79088.1582363311
"NR","Rainy",2029,82693.9768462483
"NR","Rainy",2030,86355.2742170767
"NR","Rainy",2031,90995.8036878122
"NR","Rainy",2032,96121.5349500765
"NR","Rainy",2033,101628.341083789
"NR","Rainy",2034,107285.566335079
"NR","Rainy",2035,113164.792499398
"NR","Rainy",2036,120319.208358479
"NR","Rainy",2037,127750.226223619
"NR","Rainy",2038,135357.552330409
"NR","Rainy",2039,143333.67554203
"NR","Rainy",2040,151625.062787106
"NR","Rainy",2041,160215.044476681
"NR","Rainy",2042,169306.625386931
"NR","Rainy",2043,179055.173732822
"NR","Rainy",2044,189365.112635266
"NR","Rainy",2045,200270.347330851
"NR","Rainy",2046,211805.67344242
"NR","Rainy",2047,224007.741671092
"NR","Rainy",2048,236915.62929184
"NR","Rainy",2049,250571.543857564
"NR","Rainy",2050,265018.184540756
"NR","Rainy",2051,272720.085554115
"NR","Rainy",2052,280644.120475304
"NR","Rainy",2053,288796.251859642
"NR","Rainy",2054,297183.434317062
"NR","Rainy",2055,305812.920197062
"NR","Rainy",2056,314690.990442524
"NR","Rainy",2057,323825.310617432
"NR","Rainy",2058,333222.587113658
"NR","Rainy",2059,342892.248542175
"NR","Rainy",2060,352841.402314168
"NR","Rainy",2061,358019.98436595
"NR","Rainy",2062,363273.396636401
"NR","Rainy",2063,368601.002910969
"NR","Rainy",2064,374004.958046332
"NR","Rainy",2065,379486.333208486
"NR","Rainy",2066,385045.241114382
"NR","Rainy",2067,390684.711277153
"NR","Rainy",2068,396405.015254989
"NR","Rainy",2069,402208.316903709
"NR","Rainy",2070,408092.847633085
"WR","Rainy",2023,61123.025
"WR","Rainy",2024,64144.35
"WR","Rainy",2025,61433.1118685923
"WR","Rainy",2026,66426.9934224956
"WR","Rainy",2027,71944.5648070407
"WR","Rainy",2028,77940.5598894107
"WR","Rainy",2029,84364.1834110599
"WR","Rainy",2030,91448.1353937007
"WR","Rainy",2031,100389.884627056
"WR","Rainy",2032,106250.921287801
"WR","Rainy",2033,112410.707712786
"WR","Rainy",2034,118653.282497022
"WR","Rainy",2035,125094.544193592
"WR","Rainy",2036,133015.992736933
"WR","Rainy",2037,141168.739602612
"WR","Rainy",2038,149520.418632774
"WR","Rainy",2039,158146.453512253
"WR","Rainy",2040,166897.827262944
"WR","Rainy",2041,177004.470642779
"WR","Rainy",2042,187733.580790285
"WR","Rainy",2043,199206.531170231
"WR","Rainy",2044,211381.130288769
"WR","Rainy",2045,224300.649959716
"WR","Rainy",2046,238011.0568725
"WR","Rainy",2047,252561.160487172
"WR","Rainy",2048,268002.723650922
"WR","Rainy",2049,284390.869914217
"WR","Rainy",2050,301783.97870784
"WR","Rainy",2051,311043.997351504
"WR","Rainy",2052,320587.269359759
"WR","Rainy",2053,330422.521548928
"WR","Rainy",2054,340558.803060022
"WR","Rainy",2055,351005.374730821
"WR","Rainy",2056,361771.882612932
"WR","Rainy",2057,372868.083041259
"WR","Rainy",2058,384304.309740529
"WR","Rainy",2059,396091.032794413
"WR","Rainy",2060,408239.035127243
"WR","Rainy",2061,414529.225213022
"WR","Rainy",2062,420915.428187368
"WR","Rainy",2063,427399.118812036
"WR","Rainy",2064,433981.727087948
"WR","Rainy",2065,440664.895023009
"WR","Rainy",2066,447450.156482435
"WR","Rainy",2067,454339.03096414
"WR","Rainy",2068,461333.199797462
"WR","Rainy",2069,468434.23729276
"WR","Rainy",2070,475643.808929937
"SR","Autumn",2023,55116.475
"SR","Autumn",2024,58163.65
"SR","Autumn",2025,54161.1738353171
"SR","Autumn",2026,58332.8186694017
"SR","Autumn",2027,62772.1168673093
"SR","Autumn",2028,67534.5667321142
"SR","Autumn",2029,72657.5060219325
"SR","Autumn",2030,78185.0736162174
"SR","Autumn",2031,85167.3806863032
"SR","Autumn",2032,90227.2750873024
"SR","Autumn",2033,95536.0562110931
"SR","Autumn",2034,101059.241514209
"SR","Autumn",2035,106873.309382336
"SR","Autumn",2036,113946.110722101
"SR","Autumn",2037,121249.579964096
"SR","Autumn",2038,128807.349301119
"SR","Autumn",2039,136620.113909126
"SR","Autumn",2040,144775.621259948
"SR","Autumn",2041,154390.64092525
"SR","Autumn",2042,164659.042403295
"SR","Autumn",2043,175635.390654669
"SR","Autumn",2044,187359.463369947
"SR","Autumn",2045,199883.662311188
"SR","Autumn",2046,213264.061406865
"SR","Autumn",2047,227560.91922224
"SR","Autumn",2048,242838.804208001
"SR","Autumn",2049,259167.003008945
"SR","Autumn",2050,276619.8822664
"SR","Autumn",2051,285952.856650673
"SR","Autumn",2052,295608.39239506
"SR","Autumn",2053,305597.930757889
"SR","Autumn",2054,315933.449937392
"SR","Autumn",2055,326627.265798161
"SR","Autumn",2056,337692.260785532
"SR","Autumn",2057,349141.658808556
"SR","Autumn",2058,360989.322569078
"SR","Autumn",2059,373249.475540222
"SR","Autumn",2060,385937.002610518
"SR","Autumn",2061,392506.471271699
"SR","Autumn",2062,399190.601966245
"SR","Autumn",2063,405991.483009276
"SR","Autumn",2064,412911.207077636
"SR","Autumn",2065,419951.977038335
"SR","Autumn",2066,427115.921937233
"SR","Autumn",2067,434405.29524977
"SR","Autumn",2068,441822.363365049
"SR","Autumn",2069,449369.458941332
"SR","Autumn",2070,457048.894785419
"NER","Autumn",2023,3601.95
"NER","Autumn",2024,3842.2
"NER","Autumn",2025,3586.59570366049
"NER","Autumn",2026,3781.88192019366
"NER","Autumn",2027,3987.86152332627
"NER","Autumn",2028,4206.03159876619
"NER","Autumn",2029,4426.44416170816
"NER","Autumn",2030,4657.77312351336
"NER","Autumn",2031,4944.67085130655
"NER","Autumn",2032,5247.62244284925
"NER","Autumn",2033,5581.83067720506
"NER","Autumn",2034,5930.01416951317
"NER","Autumn",2035,6299.28119053806
"NER","Autumn",2036,6738.25657649426
"NER","Autumn",2037,7202.66774719239
"NER","Autumn",2038,7670.27684182548
"NER","Autumn",2039,8169.83179237242
"NER","Autumn",2040,8696.41045387013
"NER","Autumn",2041,9258.93284640716
"NER","Autumn",2042,9859.54779281378
"NER","Autumn",2043,10508.855016067
"NER","Autumn",2044,11201.7504544619
"NER","Autumn",2045,11941.062143317
"NER","Autumn",2046,12730.0521166601
"NER","Autumn",2047,13572.0877590073
"NER","Autumn",2048,14470.7748055464
"NER","Autumn",2049,15430.0183507924
"NER","Autumn",2050,16453.877106946
"NER","Autumn",2051,17004.3024753148
"NER","Autumn",2052,17573.120749825
"NER","Autumn",2053,18161.1261921503
"NER","Autumn",2054,18768.7920851396
"NER","Autumn",2055,19396.883843496
"NER","Autumn",2056,20046.1451842814
"NER","Autumn",2057,20717.1921896239
"NER","Autumn",2058,21410.7838018966
"NER","Autumn",2059,22127.8058309999
"NER","Autumn",2060,22868.9122949838
"NER","Autumn",2061,23255.9215658086
"NER","Autumn",2062,23649.3799171245
"NER","Autumn",2063,24049.3980556281
"NER","Autumn",2064,24456.0942135619
"NER","Autumn",2065,24869.5941817611
"NER","Autumn",2066,25289.9807814799
"NER","Autumn",2067,25717.4118761283
"NER","Autumn",2068,26152.0024285489
"NER","Autumn",2069,26593.8863341814
"NER","Autumn",2070,27043.1715132711
"ER","Autumn",2023,28179.125
"ER","Autumn",2024,29577.175
"ER","Autumn",2025,26723.3634571976
"ER","Autumn",2026,28080.067716006
"ER","Autumn",2027,29408.8469841873
"ER","Autumn",2028,30755.3799512431
"ER","Autumn",2029,32110.6445768813
"ER","Autumn",2030,33524.9807808176
"ER","Autumn",2031,35227.8271932158
"ER","Autumn",2032,37192.9231125667
"ER","Autumn",2033,39397.6962956668
"ER","Autumn",2034,41677.1418471954
"ER","Autumn",2035,44047.0806116494
"ER","Autumn",2036,46920.3198454591
"ER","Autumn",2037,49892.9517172814
"ER","Autumn",2038,52798.0510524391
"ER","Autumn",2039,55822.956546117
"ER","Autumn",2040,58980.240233381
"ER","Autumn",2041,62214.1275144661
"ER","Autumn",2042,65642.6236603865
"ER","Autumn",2043,69463.0770088008
"ER","Autumn",2044,73502.3726764712
"ER","Autumn",2045,77773.7129614544
"ER","Autumn",2046,82291.002953632
"ER","Autumn",2047,87069.1107467916
"ER","Autumn",2048,92123.7588349825
"ER","Autumn",2049,97471.6750813733
"ER","Autumn",2050,103130.439351448
"ER","Autumn",2051,106206.33524829
"ER","Autumn",2052,109369.689573455
"ER","Autumn",2053,112623.020256539
"ER","Autumn",2054,115969.098481277
"ER","Autumn",2055,119410.790876555
"ER","Autumn",2056,122950.876141449
"ER","Autumn",2057,126592.502773236
"ER","Autumn",2058,130338.544311051
"ER","Autumn",2059,134192.211071976
"ER","Autumn",2060,138156.822228262
"ER","Autumn",2061,140277.895612887
"ER","Autumn",2062,142428.42363911
"ER","Autumn",2063,144608.80016727
"ER","Autumn",2064,146819.547622648
"ER","Autumn",2065,149061.067098919
"ER","Autumn",2066,151333.773078598
"ER","Autumn",2067,153638.279437131
"ER","Autumn",2068,155974.950833251
"ER","Autumn",2069,158344.287434328
"ER","Autumn",2070,160746.892976732
"NR","Autumn",2023,71626.125
"NR","Autumn",2024,76039.3
"NR","Autumn",2025,72696.5073906501
"NR","Autumn",2026,75966.702425665
"NR","Autumn",2027,79188.3147722012
"NR","Autumn",2028,83539.4720672282
"NR","Autumn",2029,89249.7935482285
"NR","Autumn",2030,95477.3449014833
"NR","Autumn",2031,103218.863736544
"NR","Autumn",2032,108510.366286595
"NR","Autumn",2033,114104.567912526
"NR","Autumn",2034,119803.684675435
"NR","Autumn",2035,125654.720970047
"NR","Autumn",2036,132747.848661791
"NR","Autumn",2037,140014.824716772
"NR","Autumn",2038,147358.686987533
"NR","Autumn",2039,154930.97612063
"NR","Autumn",2040,162652.703296044
"NR","Autumn",2041,171822.542752424
"NR","Autumn",2042,181522.388568828
"NR","Autumn",2043,191886.213741663
"NR","Autumn",2044,202843.400772732
"NR","Autumn",2045,214428.489979588
"NR","Autumn",2046,226677.937618244
"NR","Autumn",2047,239630.389618577
"NR","Autumn",2048,253326.677841385
"NR","Autumn",2049,267810.048325279
"NR","Autumn",2050,283126.406378187
"NR","Autumn",2051,291274.770755694
"NR","Autumn",2052,299656.263095523
"NR","Autumn",2053,308277.774726449
"NR","Autumn",2054,317146.188867437
"NR","Autumn",2055,326268.714352054
"NR","Autumn",2056,335652.752133329
"NR","Autumn",2057,345305.981168342
"NR","Autumn",2058,355236.0966588
"NR","Autumn",2059,365451.338334117
"NR","Autumn",2060,375959.866753612
"NR","Autumn",2061,381414.635526878
"NR","Autumn",2062,386947.08766133
"NR","Autumn",2063,392558.316895446
"NR","Autumn",2064,398249.518677757
"NR","Autumn",2065,404021.805627712
"NR","Autumn",2066,409876.383507383
"NR","Autumn",2067,415814.45545768
"NR","Autumn",2068,421837.294716536
"NR","Autumn",2069,427946.094514748
"NR","Autumn",2070,434142.100584339
"WR","Autumn",2023,62554.675
"WR","Autumn",2024,65657.025
"WR","Autumn",2025,58299.6760004383
"WR","Autumn",2026,61710.8138491512
"WR","Autumn",2027,66678.0686052476
"WR","Autumn",2028,72072.0771896106
"WR","Autumn",2029,77846.1992997591
"WR","Autumn",2030,84215.4837832448
"WR","Autumn",2031,92295.0898161357
"WR","Autumn",2032,97585.4190520204
"WR","Autumn",2033,103147.363765676
"WR","Autumn",2034,108783.280601839
"WR","Autumn",2035,114597.617971232
"WR","Autumn",2036,121788.861769793
"WR","Autumn",2037,129187.4357229
"WR","Autumn",2038,136756.322466183
"WR","Autumn",2039,144569.219441719
"WR","Autumn",2040,152494.308458815
"WR","Autumn",2041,161700.263054748
"WR","Autumn",2042,171472.221607312
"WR","Autumn",2043,181927.541963351
"WR","Autumn",2044,193020.68536212
"WR","Autumn",2045,204791.061742175
"WR","Autumn",2046,217280.2891302
"WR","Autumn",2047,230532.691903136
"WR","Autumn",2048,244595.273979073
"WR","Autumn",2049,259517.941070085
"WR","Autumn",2050,275353.849427373
"WR","Autumn",2051,283786.014132515
"WR","Autumn",2052,292475.501718714
"WR","Autumn",2053,301430.23995004
"WR","Autumn",2054,310658.367660689
"WR","Autumn",2055,320168.410850138
"WR","Autumn",2056,329968.96988482
"WR","Autumn",2057,340069.031944139
"WR","Autumn",2058,350477.876109739
"WR","Autumn",2059,361205.000453715
"WR","Autumn",2060,372260.239612149
"WR","Autumn",2061,377986.444275695
"WR","Autumn",2062,383799.90506939
"WR","Autumn",2063,389701.802478182
"WR","Autumn",2064,395693.65665629
"WR","Autumn",2065,401776.717243336
"WR","Autumn",2066,407952.512605806
"WR","Autumn",2067,414222.353793751
"WR","Autumn",2068,420587.814951983
"WR","Autumn",2069,427050.259026373
"WR","Autumn",2070,433611.247533485
